customer_id,first_name,last_name,email
1,Alaine,Cormode,acormode0@netlog.com
2,Valeria,Mohammad,vmohammad1@opera.com
3,Franz,Caulcott,fcaulcott2@ameblo.jp
4,Meade,MacSporran,mmacsporran3@fotki.com
5,Aime,Duchateau,aduchateau4@sun.com
6,Bettye,Bricksey,bbricksey5@ask.com
7,Tedman,Keirle,tkeirle6@livejournal.com
8,Nance,Grinishin,ngrinishin7@aboutads.info
9,Allyson,Martins,amartins8@list-manage.com
10,Steve,Hance,shance9@cdc.gov